{
	"releaseDate" : "2023-01-29_15-00",
	"previousReleaseDate" : "2022-12-24_12-45",
	"previousReleaseLink" : "https://raw.githubusercontent.com/DSATool/HeroesPlugin/master/release/Heroes_2022-12-24_12-45.zip",
	"updateInfo" : "https://raw.githubusercontent.com/DSATool/HeroesPlugin/master/release/update-info.json",
	"signatureProviderName" : "SunEC",
	"signatureKeyAlgorithm" : "EC",
	"signatureAlgorithm" : "SHA512withECDSA",
	"signatureKey" : "MFkwEwYHKoZIzj0CAQYIKoZIzj0DAQcDQgAEwQIZGvnR4uTD7lv3ydalC02Yr3/sMudP8FMSY/JCLTwrDjfBrGRaLcY2ITyhKUpY+E2eLtHDhHgFJ2XDE1Bq4Q=="
}