{
	"releaseDate" : "2024-12-25_19-25",
	"previousReleaseDate" : "2024-09-22_17-30",
	"previousReleaseLink" : "https://raw.githubusercontent.com/DSATool/HeroesPlugin/master/release/Heroes_2024-09-22_17-30.zip",
	"updateInfo" : "https://raw.githubusercontent.com/DSATool/HeroesPlugin/master/release/update-info.json",
	"signatureProviderName" : "SunEC",
	"signatureKeyAlgorithm" : "EC",
	"signatureAlgorithm" : "SHA512withECDSA",
	"signatureKey" : "MFkwEwYHKoZIzj0CAQYIKoZIzj0DAQcDQgAEwQIZGvnR4uTD7lv3ydalC02Yr3/sMudP8FMSY/JCLTwrDjfBrGRaLcY2ITyhKUpY+E2eLtHDhHgFJ2XDE1Bq4Q=="
}