{
	"releaseDate" : "2021-05-29_17-00",
	"previousReleaseDate" : "2021-03-21_13-30",
	"previousReleaseLink" : "https://raw.githubusercontent.com/DSATool/HeroesPlugin/master/release/Heroes_2021-03-21_13-30.zip",
	"updateInfo" : "https://raw.githubusercontent.com/DSATool/HeroesPlugin/master/release/update-info.json",
	"signatureProviderName" : "SunEC",
	"signatureKeyAlgorithm" : "EC",
	"signatureAlgorithm" : "SHA512withECDSA",
	"signatureKey" : "MFkwEwYHKoZIzj0CAQYIKoZIzj0DAQcDQgAEwQIZGvnR4uTD7lv3ydalC02Yr3/sMudP8FMSY/JCLTwrDjfBrGRaLcY2ITyhKUpY+E2eLtHDhHgFJ2XDE1Bq4Q=="
}