{
	"releaseDate" : "2018-02-27_18-00",
	"previousReleaseDate" : "2018-01-23_16-00",
	"previousReleaseLink" : "https://raw.githubusercontent.com/DSATool/HeroesPlugin/master/release/Heroes_2018-01-23_16-00.zip",
	"updateInfo" : "https://raw.githubusercontent.com/DSATool/HeroesPlugin/master/release/update-info.json",
	"signatureProviderName" : "SunEC",
	"signatureKeyAlgorithm" : "EC",
	"signatureAlgorithm" : "SHA512withECDSA",
	"signatureKey" : "MFkwEwYHKoZIzj0CAQYIKoZIzj0DAQcDQgAEwQIZGvnR4uTD7lv3ydalC02Yr3/sMudP8FMSY/JCLTwrDjfBrGRaLcY2ITyhKUpY+E2eLtHDhHgFJ2XDE1Bq4Q=="
}