{
	"releaseDate" : "2020-05-30_12-00",
	"previousReleaseDate" : "2020-05-19_18-00",
	"previousReleaseLink" : "https://raw.githubusercontent.com/DSATool/HeroesPlugin/master/release/Heroes_2020-05-19_18-00.zip",
	"updateInfo" : "https://raw.githubusercontent.com/DSATool/HeroesPlugin/master/release/update-info.json",
	"signatureProviderName" : "SunEC",
	"signatureKeyAlgorithm" : "EC",
	"signatureAlgorithm" : "SHA512withECDSA",
	"signatureKey" : "MFkwEwYHKoZIzj0CAQYIKoZIzj0DAQcDQgAEwQIZGvnR4uTD7lv3ydalC02Yr3/sMudP8FMSY/JCLTwrDjfBrGRaLcY2ITyhKUpY+E2eLtHDhHgFJ2XDE1Bq4Q=="
}